계정대분류,계정중분류,G/L 계정,G/L 계정 설명,코스트 센터,코스트센터명,202601
IT수수료,IT수수료,55210113,지급수수료_IT유지보수비,F00500,공통_HR팀,5500000.0
IT수수료,IT수수료,55210113,지급수수료_IT유지보수비,F00700,공통_회계팀,1666667.0
IT수수료,IT수수료,55210113,지급수수료_IT유지보수비,F01300,공통_IT팀,79423715.0
IT수수료,IT수수료,55210113,지급수수료_IT유지보수비,F02600,공통_정보보안팀,10016773.0
IT수수료,IT수수료,55210113,지급수수료_IT유지보수비,F02900,공통_AX팀,4450000.0
IT수수료,IT수수료,55210113,지급수수료_IT유지보수비,F03000,공통_AI 엔지니어링팀,6970000.0
IT수수료,IT수수료,55210113,지급수수료_IT유지보수비,F05100,공통_마케팅본부,4730000.0
IT수수료,IT수수료,55210115,지급수수료_IT사용료,F00000,공통_공통,339726.0
IT수수료,IT수수료,55210115,지급수수료_IT사용료,F00100,공통_임원,252780.0
IT수수료,IT수수료,55210115,지급수수료_IT사용료,F00200,공통_경영개선팀,486490.0
IT수수료,IT수수료,55210115,지급수수료_IT사용료,F00300,공통_총무,562246.0
IT수수료,IT수수료,55210115,지급수수료_IT사용료,F00400,공통_법무팀,330672.0
IT수수료,IT수수료,55210115,지급수수료_IT사용료,F00500,공통_HR팀,10059575.0
IT수수료,IT수수료,55210115,지급수수료_IT사용료,F00600,공통_공간기획팀,774878.0
IT수수료,IT수수료,55210115,지급수수료_IT사용료,F00700,공통_회계팀,1263813.0
IT수수료,IT수수료,55210115,지급수수료_IT사용료,F00800,공통_경영관리팀,8417058.0
IT수수료,IT수수료,55210115,지급수수료_IT사용료,F01200,공통_e-BIZ팀,1002381.0
IT수수료,IT수수료,55210115,지급수수료_IT사용료,F01300,공통_IT팀,357519210.0
IT수수료,IT수수료,55210115,지급수수료_IT사용료,F01800,공통_소비자전략팀,1769019.0
IT수수료,IT수수료,55210115,지급수수료_IT사용료,F02300,공통_안전보건팀,151533.0
IT수수료,IT수수료,55210115,지급수수료_IT사용료,F02400,공통_경영기획팀,2338474.0
IT수수료,IT수수료,55210115,지급수수료_IT사용료,F02500,공통_자금팀,784579.0
IT수수료,IT수수료,55210115,지급수수료_IT사용료,F02600,공통_정보보안팀,2571147.0
IT수수료,IT수수료,55210115,지급수수료_IT사용료,F02700,공통_Process담당,1581442.0
IT수수료,IT수수료,55210115,지급수수료_IT사용료,F02900,공통_AX팀,41566083.0
IT수수료,IT수수료,55210115,지급수수료_IT사용료,F03000,공통_AI 엔지니어링팀,46177219.0
IT수수료,IT수수료,55210115,지급수수료_IT사용료,F03200,공통_PI팀,64335592.0
IT수수료,IT수수료,55210115,지급수수료_IT사용료,F03300,공통_무역팀,226379.0
IT수수료,IT수수료,55210115,지급수수료_IT사용료,F03900,공통_퍼포먼스마케팅팀,567050.0
IT수수료,IT수수료,55210115,지급수수료_IT사용료,F04400,공통_통합영업팀,1050360.0
IT수수료,IT수수료,55210115,지급수수료_IT사용료,F04500,공통_통합소싱팀,222307.0
IT수수료,IT수수료,55210115,지급수수료_IT사용료,F04800,공통_해외사업팀,506714.0
IT수수료,IT수수료,55210115,지급수수료_IT사용료,F05100,공통_마케팅본부,3293156.0
IT수수료,IT수수료,55210115,지급수수료_IT사용료,F05200,공통_통합온라인채널팀,1418801.0
IT수수료,SW상각비,55270113,감가상각비_소프트웨어,F00000,공통_공통,8971667.0
IT수수료,SW상각비,55270113,감가상각비_소프트웨어,F00300,공통_총무,142044.0
IT수수료,SW상각비,55270113,감가상각비_소프트웨어,F00400,공통_법무팀,639071.0
IT수수료,SW상각비,55270113,감가상각비_소프트웨어,F00500,공통_HR팀,1163333.0
IT수수료,SW상각비,55270113,감가상각비_소프트웨어,F00700,공통_회계팀,18077779.0
IT수수료,SW상각비,55270113,감가상각비_소프트웨어,F00800,공통_경영관리팀,1000000.0
IT수수료,SW상각비,55270113,감가상각비_소프트웨어,F01200,공통_e-BIZ팀,250000.0
IT수수료,SW상각비,55270113,감가상각비_소프트웨어,F01300,공통_IT팀,101265559.0
IT수수료,SW상각비,55270113,감가상각비_소프트웨어,F01900,공통_Process팀,461366762.0
IT수수료,SW상각비,55270113,감가상각비_소프트웨어,F02600,공통_정보보안팀,12702353.0
IT수수료,SW상각비,55270113,감가상각비_소프트웨어,F02900,공통_AX팀,5164167.0
IT수수료,SW상각비,55270113,감가상각비_소프트웨어,F03000,공통_AI 엔지니어링팀,666667.0
IT수수료,SW상각비,55270113,감가상각비_소프트웨어,F03200,공통_PI팀,4797220.0
IT수수료,SW상각비,55270113,감가상각비_소프트웨어,F04500,공통_통합소싱팀,121243.0
IT수수료,SW상각비,55270113,감가상각비_소프트웨어,F04800,공통_해외사업팀,1643333.0
감가상각비,감가상각비,55250107,감가상각비_건물부속설비,F00000,공통_공통,925000.0
감가상각비,감가상각비,55250113,감가상각비_차량운반구,F00300,공통_총무,10098190.0
감가상각비,감가상각비,55250115,감가상각비_공기구비품,F00000,공통_공통,23689133.0
감가상각비,감가상각비,55250115,감가상각비_공기구비품,F00100,공통_임원,322070.0
감가상각비,감가상각비,55250115,감가상각비_공기구비품,F00200,공통_경영개선팀,228822.0
감가상각비,감가상각비,55250115,감가상각비_공기구비품,F00300,공통_총무,8202056.0
감가상각비,감가상각비,55250115,감가상각비_공기구비품,F00400,공통_법무팀,447935.0
감가상각비,감가상각비,55250115,감가상각비_공기구비품,F00500,공통_HR팀,1062327.0
감가상각비,감가상각비,55250115,감가상각비_공기구비품,F00600,공통_공간기획팀,828752.0
감가상각비,감가상각비,55250115,감가상각비_공기구비품,F00700,공통_회계팀,1629783.0
감가상각비,감가상각비,55250115,감가상각비_공기구비품,F00800,공통_경영관리팀,844322.0
감가상각비,감가상각비,55250115,감가상각비_공기구비품,F00900,공통_디지털본부담당,142833.0
감가상각비,감가상각비,55250115,감가상각비_공기구비품,F01200,공통_e-BIZ팀,3559293.0
감가상각비,감가상각비,55250115,감가상각비_공기구비품,F01300,공통_IT팀,16776231.0
감가상각비,감가상각비,55250115,감가상각비_공기구비품,F01800,공통_소비자전략팀,126474.0
감가상각비,감가상각비,55250115,감가상각비_공기구비품,F01900,공통_Process팀,3370088.0
감가상각비,감가상각비,55250115,감가상각비_공기구비품,F02300,공통_안전보건팀,326882.0
감가상각비,감가상각비,55250115,감가상각비_공기구비품,F02400,공통_경영기획팀,178001.0
감가상각비,감가상각비,55250115,감가상각비_공기구비품,F02500,공통_자금팀,143000.0
감가상각비,감가상각비,55250115,감가상각비_공기구비품,F02600,공통_정보보안팀,11463936.0
감가상각비,감가상각비,55250115,감가상각비_공기구비품,F02700,공통_Process담당,39333.0
감가상각비,감가상각비,55250115,감가상각비_공기구비품,F02900,공통_AX팀,606200.0
감가상각비,감가상각비,55250115,감가상각비_공기구비품,F03000,공통_AI 엔지니어링팀,389700.0
감가상각비,감가상각비,55250115,감가상각비_공기구비품,F03200,공통_PI팀,476835.0
감가상각비,감가상각비,55250115,감가상각비_공기구비품,F03300,공통_무역팀,117268.0
감가상각비,감가상각비,55250115,감가상각비_공기구비품,F03400,공통_자산관리팀,156750.0
감가상각비,감가상각비,55250115,감가상각비_공기구비품,F03600,공통_사업운영지원담당,61500.0
감가상각비,감가상각비,55250115,감가상각비_공기구비품,F03700,공통_통합인테리어팀,131500.0
감가상각비,감가상각비,55250115,감가상각비_공기구비품,F03900,공통_퍼포먼스마케팅팀,206167.0
감가상각비,감가상각비,55250115,감가상각비_공기구비품,F04000,공통_글로벌슈즈팀,59500.0
감가상각비,감가상각비,55250115,감가상각비_공기구비품,F04400,공통_통합영업팀,1052181.0
감가상각비,감가상각비,55250115,감가상각비_공기구비품,F04500,공통_통합소싱팀,702819.0
감가상각비,감가상각비,55250115,감가상각비_공기구비품,F04800,공통_해외사업팀,589305.0
감가상각비,감가상각비,55250115,감가상각비_공기구비품,F05100,공통_마케팅본부,320250.0
감가상각비,감가상각비,55250115,감가상각비_공기구비품,F05200,공통_통합온라인채널팀,61833.0
감가상각비,무형자산상각,55270101,감가상각비_상표권,F00400,공통_법무팀,1239860.0
감가상각비,무형자산상각,55270115,감가상각비_기타의무형자산,F00400,공통_법무팀,9702.0
기타비용,광고선전비,55170109,광고선전비_기타,F04400,공통_통합영업팀,0.0
기타비용,도서인쇄비,55150101,도서인쇄비,F00000,공통_공통,72000.0
기타비용,도서인쇄비,55150101,도서인쇄비,F00300,공통_총무,3877170.0
기타비용,도서인쇄비,55150101,도서인쇄비,F00700,공통_회계팀,79000.0
기타비용,도서인쇄비,55150101,도서인쇄비,F01800,공통_소비자전략팀,747305.0
기타비용,보험료,55330103,보험료_배상책임보험료,F00000,공통_공통,3504478.0
기타비용,보험료,55330103,보험료_배상책임보험료,F00300,공통_총무,1271.0
기타비용,보험료,55330103,보험료_배상책임보험료,F02600,공통_정보보안팀,345573.0
기타비용,보험료,55330105,보험료_보증보험료,F01200,공통_e-BIZ팀,288535.0
기타비용,보험료,55330109,보험료_재산종합보험료,F00000,공통_공통,35345722.0
기타비용,보험료,55330111,보험료_차량보험료,F00300,공통_총무,1057157.0
기타비용,보험료,55330113,보험료_기타,F00300,공통_총무,3770826.0
기타비용,세금과공과,55130113,세금과공과_장애인고용부담금,F00500,공통_HR팀,268127990.0
기타비용,수도광열비,55090101,수도광열비,F00000,공통_공통,100292461.0
기타비용,수선비,55350101,수선비_기타,F00000,공통_공통,-1054000.0
기타비용,접대비,55190101,접대비_경조사비,F00300,공통_총무,3200000.0
기타비용,접대비,55190101,접대비_경조사비,F05100,공통_마케팅본부,300000.0
기타비용,접대비,55190105,접대비_일반,F00100,공통_임원,5524580.0
기타비용,접대비,55190105,접대비_일반,F00700,공통_회계팀,27500.0
기타비용,지급임차료,55230105,지급임차료_창고,F03700,공통_통합인테리어팀,1000000.0
기타비용,지급임차료,55230121,지급임차료_관리비,F00300,공통_총무,665662.0
기타비용,통신비,55070101,통신비_전화사용료,F00100,공통_임원,538500.0
기타비용,통신비,55070101,통신비_전화사용료,F00300,공통_총무,402648.0
기타비용,통신비,55070101,통신비_전화사용료,F01200,공통_e-BIZ팀,4929011.0
기타비용,통신비,55070101,통신비_전화사용료,F01300,공통_IT팀,25227.0
기타비용,통신비,55070101,통신비_전화사용료,F02900,공통_AX팀,96000.0
기타비용,통신비,55070101,통신비_전화사용료,F05100,공통_마케팅본부,42728.0
기타비용,통신비,55070103,통신비_우편료,F00300,공통_총무,18930.0
기타비용,통신비,55070103,통신비_우편료,F00400,공통_법무팀,4040.0
기타비용,통신비,55070103,통신비_우편료,F00500,공통_HR팀,17310.0
기타비용,통신비,55070103,통신비_우편료,F00700,공통_회계팀,4040.0
기타비용,통신비,55070103,통신비_우편료,F00800,공통_경영관리팀,94266.0
기타비용,통신비,55070103,통신비_우편료,F02500,공통_자금팀,4160.0
기타비용,통신비,55070107,통신비_해외로밍,F04500,공통_통합소싱팀,79530.0
기타비용,통신비,55070107,통신비_해외로밍,F04800,공통_해외사업팀,105600.0
기타비용,통신비,55070109,통신비_IDC,F02600,공통_정보보안팀,3400000.0
기타비용,통신비,55070111,통신비_비즈크로샷,F00300,공통_총무,715878.0
기타비용,통신비,55070117,통신비_기타,F00100,공통_임원,8900.0
기타비용,통신비,55070117,통신비_기타,F02600,공통_정보보안팀,2953000.0
기타비용,통신비,55070119,통신비_CRM,F03900,공통_퍼포먼스마케팅팀,16809985.0
소모품비,소모품비,55110101,소모품비_사무용품,F00100,공통_임원,1075758.0
소모품비,소모품비,55110101,소모품비_사무용품,F00300,공통_총무,870560.0
소모품비,소모품비,55110101,소모품비_사무용품,F01800,공통_소비자전략팀,638181.0
소모품비,소모품비,55110101,소모품비_사무용품,F05100,공통_마케팅본부,4818.0
소모품비,소모품비,55110105,소모품비_샘플대,F00600,공통_공간기획팀,1514636.0
소모품비,소모품비,55110105,소모품비_샘플대,F01300,공통_IT팀,910.0
소모품비,소모품비,55110105,소모품비_샘플대,F04800,공통_해외사업팀,725465.0
소모품비,소모품비,55110117,소모품비_전산소모품,F00000,공통_공통,2913066.0
소모품비,소모품비,55110117,소모품비_전산소모품,F00300,공통_총무,671000.0
소모품비,소모품비,55110117,소모품비_전산소모품,F01300,공통_IT팀,4185765.0
소모품비,소모품비,55110117,소모품비_전산소모품,F02600,공통_정보보안팀,783000.0
소모품비,소모품비,55110117,소모품비_전산소모품,F05100,공통_마케팅본부,465490.0
소모품비,소모품비,55110121,소모품비_MRO(사무용품),F00000,공통_공통,1347220.0
소모품비,소모품비,55110123,소모품비_MRO(전산소모품),F00000,공통_공통,1625950.0
소모품비,소모품비,55110131,소모품비_부서,F00000,공통_공통,2493000.0
소모품비,소모품비,55110131,소모품비_부서,F00300,공통_총무,6734744.0
소모품비,소모품비,55110131,소모품비_부서,F01200,공통_e-BIZ팀,254500.0
소모품비,소모품비,55110131,소모품비_부서,F01300,공통_IT팀,20500.0
소모품비,소모품비,55110131,소모품비_부서,F05100,공통_마케팅본부,37900.0
소모품비,소모품비,55110133,소모품비_기타,F00800,공통_경영관리팀,111600.0
소모품비,소모품비,55110133,소모품비_기타,F02300,공통_안전보건팀,787000.0
인건비,인건비,53010101,급료와임금,F00200,공통_경영개선팀,22931614.0
인건비,인건비,53010101,급료와임금,F00300,공통_총무,47042745.0
인건비,인건비,53010101,급료와임금,F00400,공통_법무팀,39414272.0
인건비,인건비,53010101,급료와임금,F00500,공통_HR팀,62256730.0
인건비,인건비,53010101,급료와임금,F00600,공통_공간기획팀,31751140.0
인건비,인건비,53010101,급료와임금,F00700,공통_회계팀,51529517.0
인건비,인건비,53010101,급료와임금,F00800,공통_경영관리팀,61177599.0
인건비,인건비,53010101,급료와임금,F01200,공통_e-BIZ팀,52905780.0
인건비,인건비,53010101,급료와임금,F01300,공통_IT팀,275239138.0
인건비,인건비,53010101,급료와임금,F01800,공통_소비자전략팀,12452137.0
인건비,인건비,53010101,급료와임금,F02300,공통_안전보건팀,7985391.0
인건비,인건비,53010101,급료와임금,F02400,공통_경영기획팀,23797186.0
인건비,인건비,53010101,급료와임금,F02500,공통_자금팀,40397299.0
인건비,인건비,53010101,급료와임금,F02600,공통_정보보안팀,26974759.0
인건비,인건비,53010101,급료와임금,F02900,공통_AX팀,73214580.0
인건비,인건비,53010101,급료와임금,F03000,공통_AI 엔지니어링팀,34430981.0
인건비,인건비,53010101,급료와임금,F03200,공통_PI팀,8116583.0
인건비,인건비,53010101,급료와임금,F03300,공통_무역팀,36730800.0
인건비,인건비,53010101,급료와임금,F03400,공통_자산관리팀,14923109.0
인건비,인건비,53010101,급료와임금,F03700,공통_통합인테리어팀,15080523.0
인건비,인건비,53010101,급료와임금,F03900,공통_퍼포먼스마케팅팀,47739898.0
인건비,인건비,53010101,급료와임금,F04400,공통_통합영업팀,27956245.0
인건비,인건비,53010101,급료와임금,F04500,공통_통합소싱팀,54934653.0
인건비,인건비,53010101,급료와임금,F04800,공통_해외사업팀,47575640.0
인건비,인건비,53010101,급료와임금,F05100,공통_마케팅본부,141115316.0
인건비,인건비,53010101,급료와임금,F05200,공통_통합온라인채널팀,20410397.0
인건비,인건비,53010103,제수당,F00200,공통_경영개선팀,7601606.0
인건비,인건비,53010103,제수당,F00300,공통_총무,21880139.0
인건비,인건비,53010103,제수당,F00400,공통_법무팀,10873769.0
인건비,인건비,53010103,제수당,F00500,공통_HR팀,13648146.0
인건비,인건비,53010103,제수당,F00600,공통_공간기획팀,12477766.0
인건비,인건비,53010103,제수당,F00700,공통_회계팀,16733459.0
인건비,인건비,53010103,제수당,F00800,공통_경영관리팀,23000159.0
인건비,인건비,53010103,제수당,F01200,공통_e-BIZ팀,28758981.0
인건비,인건비,53010103,제수당,F01300,공통_IT팀,70196783.0
인건비,인건비,53010103,제수당,F01800,공통_소비자전략팀,4157299.0
인건비,인건비,53010103,제수당,F02300,공통_안전보건팀,2772477.0
인건비,인건비,53010103,제수당,F02400,공통_경영기획팀,7279766.0
인건비,인건비,53010103,제수당,F02500,공통_자금팀,11820764.0
인건비,인건비,53010103,제수당,F02600,공통_정보보안팀,8853549.0
인건비,인건비,53010103,제수당,F02900,공통_AX팀,23715689.0
인건비,인건비,53010103,제수당,F03000,공통_AI 엔지니어링팀,12934897.0
인건비,인건비,53010103,제수당,F03200,공통_PI팀,723000.0
인건비,인건비,53010103,제수당,F03300,공통_무역팀,11010538.0
인건비,인건비,53010103,제수당,F03400,공통_자산관리팀,4189642.0
인건비,인건비,53010103,제수당,F03700,공통_통합인테리어팀,4219313.0
인건비,인건비,53010103,제수당,F03900,공통_퍼포먼스마케팅팀,15548092.0
인건비,인건비,53010103,제수당,F04400,공통_통합영업팀,10604677.0
인건비,인건비,53010103,제수당,F04500,공통_통합소싱팀,17134403.0
인건비,인건비,53010103,제수당,F04800,공통_해외사업팀,15277802.0
인건비,인건비,53010103,제수당,F05100,공통_마케팅본부,47344220.0
인건비,인건비,53010103,제수당,F05200,공통_통합온라인채널팀,7947475.0
인건비,인건비,53010105,잡급,F01800,공통_소비자전략팀,2833334.0
인건비,인건비,53010105,잡급,F03700,공통_통합인테리어팀,3000001.0
인건비,인건비,53010105,잡급,F05100,공통_마케팅본부,19612231.0
인건비,인건비,53010107,임원급여,F00100,공통_임원,275747822.0
인건비,인건비,53030101,퇴직급여충당금전입액,F00100,공통_임원,34468478.0
인건비,인건비,53030101,퇴직급여충당금전입액,F00200,공통_경영개선팀,3816653.0
인건비,인건비,53030101,퇴직급여충당금전입액,F00300,공통_총무,8615361.0
인건비,인건비,53030101,퇴직급여충당금전입액,F00400,공통_법무팀,6286005.0
인건비,인건비,53030101,퇴직급여충당금전입액,F00500,공통_HR팀,9488110.0
인건비,인건비,53030101,퇴직급여충당금전입액,F00600,공통_공간기획팀,5528613.0
인건비,인건비,53030101,퇴직급여충당금전입액,F00700,공통_회계팀,8532872.0
인건비,인건비,53030101,퇴직급여충당금전입액,F00800,공통_경영관리팀,10522220.0
인건비,인건비,53030101,퇴직급여충당금전입액,F01200,공통_e-BIZ팀,10208095.0
인건비,인건비,53030101,퇴직급여충당금전입액,F01300,공통_IT팀,43179490.0
인건비,인건비,53030101,퇴직급여충당금전입액,F01800,공통_소비자전략팀,2076180.0
인건비,인건비,53030101,퇴직급여충당금전입액,F02300,공통_안전보건팀,1344734.0
인건비,인건비,53030101,퇴직급여충당금전입액,F02400,공통_경영기획팀,3884619.0
인건비,인건비,53030101,퇴직급여충당금전입액,F02500,공통_자금팀,6527258.0
인건비,인건비,53030101,퇴직급여충당금전입액,F02600,공통_정보보안팀,4478539.0
인건비,인건비,53030101,퇴직급여충당금전입액,F02900,공통_AX팀,12116284.0
인건비,인건비,53030101,퇴직급여충당금전입액,F03000,공통_AI 엔지니어링팀,5920735.0
인건비,인건비,53030101,퇴직급여충당금전입액,F03200,공통_PI팀,1104948.0
인건비,인건비,53030101,퇴직급여충당금전입액,F03300,공통_무역팀,5967667.0
인건비,인건비,53030101,퇴직급여충당금전입액,F03400,공통_자산관리팀,2389094.0
인건비,인건비,53030101,퇴직급여충당금전입액,F03700,공통_통합인테리어팀,2412480.0
인건비,인건비,53030101,퇴직급여충당금전입액,F03900,공통_퍼포먼스마케팅팀,7910999.0
인건비,인건비,53030101,퇴직급여충당금전입액,F04400,공통_통합영업팀,4820115.0
인건비,인건비,53030101,퇴직급여충당금전입액,F04500,공통_통합소싱팀,9008632.0
인건비,인건비,53030101,퇴직급여충당금전입액,F04800,공통_해외사업팀,7856680.0
인건비,인건비,53030101,퇴직급여충당금전입액,F05100,공통_마케팅본부,23557442.0
인건비,인건비,53030101,퇴직급여충당금전입액,F05200,공통_통합온라인채널팀,3544734.0
인건비,인건비,55010105,복리후생비_의료보험,F00100,공통_임원,6315360.0
인건비,인건비,55010105,복리후생비_의료보험,F00200,공통_경영개선팀,1179110.0
인건비,인건비,55010105,복리후생비_의료보험,F00300,공통_총무,2403700.0
인건비,인건비,55010105,복리후생비_의료보험,F00400,공통_법무팀,1943540.0
인건비,인건비,55010105,복리후생비_의료보험,F00500,공통_HR팀,2958810.0
인건비,인건비,55010105,복리후생비_의료보험,F00600,공통_공간기획팀,1611220.0
인건비,인건비,55010105,복리후생비_의료보험,F00700,공통_회계팀,2680290.0
인건비,인건비,55010105,복리후생비_의료보험,F00800,공통_경영관리팀,4236250.0
인건비,인건비,55010105,복리후생비_의료보험,F01200,공통_e-BIZ팀,2249160.0
인건비,인건비,55010105,복리후생비_의료보험,F01300,공통_IT팀,14333650.0
인건비,인건비,55010105,복리후생비_의료보험,F01800,공통_소비자전략팀,728340.0
인건비,인건비,55010105,복리후생비_의료보험,F02300,공통_안전보건팀,352570.0
인건비,인건비,55010105,복리후생비_의료보험,F02400,공통_경영기획팀,2133340.0
인건비,인건비,55010105,복리후생비_의료보험,F02500,공통_자금팀,1876540.0
인건비,인건비,55010105,복리후생비_의료보험,F02600,공통_정보보안팀,1414440.0
인건비,인건비,55010105,복리후생비_의료보험,F02900,공통_AX팀,4136050.0
인건비,인건비,55010105,복리후생비_의료보험,F03000,공통_AI 엔지니어링팀,1709230.0
인건비,인건비,55010105,복리후생비_의료보험,F03200,공통_PI팀,594770.0
인건비,인건비,55010105,복리후생비_의료보험,F03300,공통_무역팀,1887140.0
인건비,인건비,55010105,복리후생비_의료보험,F03400,공통_자산관리팀,766070.0
인건비,인건비,55010105,복리후생비_의료보험,F03700,공통_통합인테리어팀,1328650.0
인건비,인건비,55010105,복리후생비_의료보험,F03900,공통_퍼포먼스마케팅팀,2385450.0
인건비,인건비,55010105,복리후생비_의료보험,F04400,공통_통합영업팀,1146750.0
인건비,인건비,55010105,복리후생비_의료보험,F04500,공통_통합소싱팀,3223340.0
인건비,인건비,55010105,복리후생비_의료보험,F04800,공통_해외사업팀,2357420.0
인건비,인건비,55010105,복리후생비_의료보험,F05100,공통_마케팅본부,9348460.0
인건비,인건비,55010105,복리후생비_의료보험,F05200,공통_통합온라인채널팀,1031140.0
인건비,인건비,55010107,복리후생비_고용보험,F00100,공통_임원,2807341.0
인건비,인건비,55010107,복리후생비_고용보험,F00200,공통_경영개선팀,402433.0
인건비,인건비,55010107,복리후생비_고용보험,F00300,공통_총무,1238518.0
인건비,인건비,55010107,복리후생비_고용보험,F00400,공통_법무팀,718018.0
인건비,인건비,55010107,복리후생비_고용보험,F00500,공통_HR팀,1082440.0
인건비,인건비,55010107,복리후생비_고용보험,F00600,공통_공간기획팀,611256.0
인건비,인건비,55010107,복리후생비_고용보험,F00700,공통_회계팀,1002296.0
인건비,인건비,55010107,복리후생비_고용보험,F00800,공통_경영관리팀,1571620.0
인건비,인건비,55010107,복리후생비_고용보험,F01200,공통_e-BIZ팀,1083786.0
인건비,인건비,55010107,복리후생비_고용보험,F01300,공통_IT팀,4853767.0
인건비,인건비,55010107,복리후생비_고용보험,F01800,공통_소비자전략팀,257718.0
인건비,인건비,55010107,복리후생비_고용보험,F02300,공통_안전보건팀,132380.0
인건비,인건비,55010107,복리후생비_고용보험,F02400,공통_경영기획팀,691248.0
인건비,인건비,55010107,복리후생비_고용보험,F02500,공통_자금팀,731841.0
인건비,인건비,55010107,복리후생비_고용보험,F02600,공통_정보보안팀,527720.0
인건비,인건비,55010107,복리후생비_고용보험,F02900,공통_AX팀,1299020.0
인건비,인건비,55010107,복리후생비_고용보험,F03000,공통_AI 엔지니어링팀,665526.0
인건비,인건비,55010107,복리후생비_고용보험,F03200,공통_PI팀,204765.0
인건비,인건비,55010107,복리후생비_고용보험,F03300,공통_무역팀,642307.0
인건비,인건비,55010107,복리후생비_고용보험,F03400,공통_자산관리팀,295995.0
인건비,인건비,55010107,복리후생비_고용보험,F03700,공통_통합인테리어팀,290827.0
인건비,인건비,55010107,복리후생비_고용보험,F03900,공통_퍼포먼스마케팅팀,898895.0
인건비,인건비,55010107,복리후생비_고용보험,F04400,공통_통합영업팀,592253.0
인건비,인건비,55010107,복리후생비_고용보험,F04500,공통_통합소싱팀,1019336.0
인건비,인건비,55010107,복리후생비_고용보험,F04800,공통_해외사업팀,847921.0
인건비,인건비,55010107,복리후생비_고용보험,F05100,공통_마케팅본부,2843737.0
인건비,인건비,55010107,복리후생비_고용보험,F05200,공통_통합온라인채널팀,389402.0
인건비,인건비,55010129,복리후생비_산재보험,F00100,공통_임원,1496066.0
인건비,인건비,55010129,복리후생비_산재보험,F00200,공통_경영개선팀,214461.0
인건비,인건비,55010129,복리후생비_산재보험,F00300,공통_총무,565625.0
인건비,인건비,55010129,복리후생비_산재보험,F00400,공통_법무팀,477035.0
인건비,인건비,55010129,복리후생비_산재보험,F00500,공통_HR팀,576844.0
인건비,인건비,55010129,복리후생비_산재보험,F00600,공통_공간기획팀,325745.0
인건비,인건비,55010129,복리후생비_산재보험,F00700,공통_회계팀,534135.0
인건비,인건비,55010129,복리후생비_산재보험,F00800,공통_경영관리팀,837534.0
인건비,인건비,55010129,복리후생비_산재보험,F01200,공통_e-BIZ팀,577561.0
인건비,인건비,55010129,복리후생비_산재보험,F01300,공통_IT팀,2566031.0
인건비,인건비,55010129,복리후생비_산재보험,F01800,공통_소비자전략팀,137341.0
인건비,인건비,55010129,복리후생비_산재보험,F02300,공통_안전보건팀,70546.0
인건비,인건비,55010129,복리후생비_산재보험,F02400,공통_경영기획팀,368373.0
인건비,인건비,55010129,복리후생비_산재보험,F02500,공통_자금팀,390006.0
인건비,인건비,55010129,복리후생비_산재보험,F02600,공통_정보보안팀,281227.0
인건비,인건비,55010129,복리후생비_산재보험,F02900,공통_AX팀,692262.0
인건비,인건비,55010129,복리후생비_산재보험,F03000,공통_AI 엔지니어링팀,354666.0
인건비,인건비,55010129,복리후생비_산재보험,F03200,공통_PI팀,109121.0
인건비,인건비,55010129,복리후생비_산재보험,F03300,공통_무역팀,342292.0
인건비,인건비,55010129,복리후생비_산재보험,F03400,공통_자산관리팀,157738.0
인건비,인건비,55010129,복리후생비_산재보험,F03700,공통_통합인테리어팀,154985.0
인건비,인건비,55010129,복리후생비_산재보험,F03900,공통_퍼포먼스마케팅팀,479031.0
인건비,인건비,55010129,복리후생비_산재보험,F04400,공통_통합영업팀,315618.0
인건비,인건비,55010129,복리후생비_산재보험,F04500,공통_통합소싱팀,543215.0
인건비,인건비,55010129,복리후생비_산재보험,F04800,공통_해외사업팀,451866.0
인건비,인건비,55010129,복리후생비_산재보험,F05100,공통_마케팅본부,1515458.0
인건비,인건비,55010129,복리후생비_산재보험,F05200,공통_통합온라인채널팀,207516.0
인건비,인건비,55130101,세금과공과_국민연금,F00100,공통_임원,118270.0
인건비,인건비,55130101,세금과공과_국민연금,F00200,공통_경영개선팀,1032260.0
인건비,인건비,55130101,세금과공과_국민연금,F00300,공통_총무,2066590.0
인건비,인건비,55130101,세금과공과_국민연금,F00400,공통_법무팀,1686550.0
인건비,인건비,55130101,세금과공과_국민연금,F00500,공통_HR팀,2421690.0
인건비,인건비,55130101,세금과공과_국민연금,F00600,공통_공간기획팀,1670930.0
인건비,인건비,55130101,세금과공과_국민연금,F00700,공통_회계팀,2554460.0
인건비,인건비,55130101,세금과공과_국민연금,F00800,공통_경영관리팀,2751160.0
인건비,인건비,55130101,세금과공과_국민연금,F01200,공통_e-BIZ팀,3117320.0
인건비,인건비,55130101,세금과공과_국민연금,F01300,공통_IT팀,12230900.0
인건비,인건비,55130101,세금과공과_국민연금,F01800,공통_소비자전략팀,851600.0
인건비,인건비,55130101,세금과공과_국민연금,F02300,공통_안전보건팀,464160.0
인건비,인건비,55130101,세금과공과_국민연금,F02400,공통_경영기획팀,1210280.0
인건비,인건비,55130101,세금과공과_국민연금,F02500,공통_자금팀,2050020.0
인건비,인건비,55130101,세금과공과_국민연금,F02600,공통_정보보안팀,1107970.0
인건비,인건비,55130101,세금과공과_국민연금,F02900,공통_AX팀,4660580.0
인건비,인건비,55130101,세금과공과_국민연금,F03000,공통_AI 엔지니어링팀,1965750.0
인건비,인건비,55130101,세금과공과_국민연금,F03200,공통_PI팀,302570.0
인건비,인건비,55130101,세금과공과_국민연금,F03300,공통_무역팀,2009440.0
인건비,인건비,55130101,세금과공과_국민연금,F03400,공통_자산관리팀,454190.0
인건비,인건비,55130101,세금과공과_국민연금,F03700,공통_통합인테리어팀,914650.0
인건비,인건비,55130101,세금과공과_국민연금,F03900,공통_퍼포먼스마케팅팀,2614060.0
인건비,인건비,55130101,세금과공과_국민연금,F04400,공통_통합영업팀,1209610.0
인건비,인건비,55130101,세금과공과_국민연금,F04500,공통_통합소싱팀,2854980.0
인건비,인건비,55130101,세금과공과_국민연금,F04800,공통_해외사업팀,2486530.0
인건비,인건비,55130101,세금과공과_국민연금,F05100,공통_마케팅본부,9110600.0
인건비,인건비,55130101,세금과공과_국민연금,F05200,공통_통합온라인채널팀,1195370.0
지급수수료,CI사용료,55210191,지급수수료_그룹CI사용료,F00000,공통_공통,328000000.0
지급수수료,전문용역,55210119,지급수수료_회계감사,F00700,공통_회계팀,70000000.0
지급수수료,전문용역,55210121,지급수수료_법률자문료,F00400,공통_법무팀,63203905.0
지급수수료,전문용역,55210121,지급수수료_법률자문료,F00500,공통_HR팀,3600000.0
지급수수료,전문용역,55210121,지급수수료_법률자문료,F00700,공통_회계팀,1000000.0
지급수수료,전문용역,55210129,지급수수료_컨설팅,F00500,공통_HR팀,1125000.0
지급수수료,전문용역,55210129,지급수수료_컨설팅,F02900,공통_AX팀,4915027.0
지급수수료,지급수수료,55210111,지급수수료_물류운송비,F00000,공통_공통,6183454.0
지급수수료,지급수수료,55210111,지급수수료_물류운송비,F00300,공통_총무,1278000.0
지급수수료,지급수수료,55210111,지급수수료_물류운송비,F01200,공통_e-BIZ팀,1500000.0
지급수수료,지급수수료,55210111,지급수수료_물류운송비,F04800,공통_해외사업팀,369134.0
지급수수료,지급수수료,55210111,지급수수료_물류운송비,F05100,공통_마케팅본부,140910.0
지급수수료,지급수수료,55210123,지급수수료_온라인몰운영비,F01200,공통_e-BIZ팀,76016900.0
지급수수료,지급수수료,55210123,지급수수료_온라인몰운영비,F01300,공통_IT팀,132565000.0
지급수수료,지급수수료,55210131,지급수수료_인사채용,F02400,공통_경영기획팀,14800000.0
지급수수료,지급수수료,55210131,지급수수료_인사채용,F05100,공통_마케팅본부,10615400.0
지급수수료,지급수수료,55210133,지급수수료_교육훈련,F00500,공통_HR팀,4690000.0
지급수수료,지급수수료,55210133,지급수수료_교육훈련,F00600,공통_공간기획팀,80000.0
지급수수료,지급수수료,55210133,지급수수료_교육훈련,F02900,공통_AX팀,60000.0
지급수수료,지급수수료,55210133,지급수수료_교육훈련,F03900,공통_퍼포먼스마케팅팀,1079200.0
지급수수료,지급수수료,55210133,지급수수료_교육훈련,F05200,공통_통합온라인채널팀,352000.0
지급수수료,지급수수료,55210141,지급수수료_폐기물처리,F00300,공통_총무,3870000.0
지급수수료,지급수수료,55210143,지급수수료_공사비,F00300,공통_총무,0.0
지급수수료,지급수수료,55210143,지급수수료_공사비,F00600,공통_공간기획팀,0.0
지급수수료,지급수수료,55210143,지급수수료_공사비,F05100,공통_마케팅본부,6703000.0
지급수수료,지급수수료,55210145,지급수수료_사내행사,F00300,공통_총무,2420000.0
지급수수료,지급수수료,55210157,지급수수료_퀵서비스,F00000,공통_공통,9479000.0
지급수수료,지급수수료,55210161,지급수수료_보안,F00000,공통_공통,7590000.0
지급수수료,지급수수료,55210161,지급수수료_보안,F00300,공통_총무,315700.0
지급수수료,지급수수료,55210163,지급수수료_리스료(차량),F00300,공통_총무,1478700.0
지급수수료,지급수수료,55210165,지급수수료_렌탈료(차량),F00000,공통_공통,12877601.0
지급수수료,지급수수료,55210169,지급수수료_렌탈료(차량제외),F00000,공통_공통,2026813.0
지급수수료,지급수수료,55210169,지급수수료_렌탈료(차량제외),F00300,공통_총무,3050454.0
지급수수료,지급수수료,55210169,지급수수료_렌탈료(차량제외),F00400,공통_법무팀,88000.0
지급수수료,지급수수료,55210169,지급수수료_렌탈료(차량제외),F01300,공통_IT팀,254795.0
지급수수료,지급수수료,55210173,지급수수료_기타,F00000,공통_공통,3512300.0
지급수수료,지급수수료,55210173,지급수수료_기타,F00200,공통_경영개선팀,2100.0
지급수수료,지급수수료,55210173,지급수수료_기타,F00300,공통_총무,2474644.0
지급수수료,지급수수료,55210173,지급수수료_기타,F00400,공통_법무팀,7190.0
지급수수료,지급수수료,55210173,지급수수료_기타,F00700,공통_회계팀,13171073.0
지급수수료,지급수수료,55210173,지급수수료_기타,F00800,공통_경영관리팀,321044.0
지급수수료,지급수수료,55210173,지급수수료_기타,F01200,공통_e-BIZ팀,1266221.0
지급수수료,지급수수료,55210173,지급수수료_기타,F01300,공통_IT팀,1105000.0
지급수수료,지급수수료,55210173,지급수수료_기타,F02300,공통_안전보건팀,8690.0
지급수수료,지급수수료,55210173,지급수수료_기타,F02500,공통_자금팀,4486320.0
지급수수료,지급수수료,55210173,지급수수료_기타,F03300,공통_무역팀,10000.0
지급수수료,지급수수료,55210173,지급수수료_기타,F03400,공통_자산관리팀,32000.0
지급수수료,지급수수료,55210179,지급수수료_지급용역비,F00300,공통_총무,67828345.0
지급수수료,지급수수료,55210179,지급수수료_지급용역비,F00500,공통_HR팀,8729300.0
지급수수료,지급수수료,55210179,지급수수료_지급용역비,F00700,공통_회계팀,14179730.0
지급수수료,지급수수료,55210179,지급수수료_지급용역비,F00800,공통_경영관리팀,126700000.0
지급수수료,지급수수료,55210179,지급수수료_지급용역비,F01200,공통_e-BIZ팀,6893820.0
지급수수료,지급수수료,55210179,지급수수료_지급용역비,F01300,공통_IT팀,20774460.0
지급수수료,지급수수료,55210179,지급수수료_지급용역비,F02600,공통_정보보안팀,12250000.0
지급수수료,지급수수료,55210179,지급수수료_지급용역비,F04400,공통_통합영업팀,3035900.0
지급수수료,지급수수료,55210179,지급수수료_지급용역비,F04800,공통_해외사업팀,3421254.0
지급수수료,지급수수료,55210179,지급수수료_지급용역비,F05100,공통_마케팅본부,31649210.0
지급수수료,지급수수료,55210181,지급수수료_이체수수료,F00000,공통_공통,2851035.0
직원경비,복리후생(안전보건),55110149,소모품비_안전보건용품,F02300,공통_안전보건팀,684000.0
직원경비,복리후생비,55010101,복리후생비_직원식대,F00000,공통_공통,4401700.0
직원경비,복리후생비,55010101,복리후생비_직원식대,F00100,공통_임원,2115500.0
직원경비,복리후생비,55010101,복리후생비_직원식대,F00200,공통_경영개선팀,501000.0
직원경비,복리후생비,55010101,복리후생비_직원식대,F00300,공통_총무,1694500.0
직원경비,복리후생비,55010101,복리후생비_직원식대,F00400,공통_법무팀,985800.0
직원경비,복리후생비,55010101,복리후생비_직원식대,F00500,공통_HR팀,1412700.0
직원경비,복리후생비,55010101,복리후생비_직원식대,F00600,공통_공간기획팀,922400.0
직원경비,복리후생비,55010101,복리후생비_직원식대,F00700,공통_회계팀,1483900.0
직원경비,복리후생비,55010101,복리후생비_직원식대,F00800,공통_경영관리팀,1203300.0
직원경비,복리후생비,55010101,복리후생비_직원식대,F01200,공통_e-BIZ팀,2667700.0
직원경비,복리후생비,55010101,복리후생비_직원식대,F01300,공통_IT팀,8088400.0
직원경비,복리후생비,55010101,복리후생비_직원식대,F01800,공통_소비자전략팀,540900.0
직원경비,복리후생비,55010101,복리후생비_직원식대,F02300,공통_안전보건팀,308900.0
직원경비,복리후생비,55010101,복리후생비_직원식대,F02400,공통_경영기획팀,611800.0
직원경비,복리후생비,55010101,복리후생비_직원식대,F02500,공통_자금팀,876900.0
직원경비,복리후생비,55010101,복리후생비_직원식대,F02600,공통_정보보안팀,1113300.0
직원경비,복리후생비,55010101,복리후생비_직원식대,F02700,공통_Process담당,175000.0
직원경비,복리후생비,55010101,복리후생비_직원식대,F02900,공통_AX팀,2893300.0
직원경비,복리후생비,55010101,복리후생비_직원식대,F03000,공통_AI 엔지니어링팀,1807700.0
직원경비,복리후생비,55010101,복리후생비_직원식대,F03300,공통_무역팀,1470800.0
직원경비,복리후생비,55010101,복리후생비_직원식대,F03400,공통_자산관리팀,293400.0
직원경비,복리후생비,55010101,복리후생비_직원식대,F03700,공통_통합인테리어팀,496500.0
직원경비,복리후생비,55010101,복리후생비_직원식대,F03900,공통_퍼포먼스마케팅팀,1683100.0
직원경비,복리후생비,55010101,복리후생비_직원식대,F04400,공통_통합영업팀,946400.0
직원경비,복리후생비,55010101,복리후생비_직원식대,F04500,공통_통합소싱팀,2052500.0
직원경비,복리후생비,55010101,복리후생비_직원식대,F04800,공통_해외사업팀,1817900.0
직원경비,복리후생비,55010101,복리후생비_직원식대,F05100,공통_마케팅본부,7130000.0
직원경비,복리후생비,55010101,복리후생비_직원식대,F05200,공통_통합온라인채널팀,1095700.0
직원경비,복리후생비,55010103,복리후생비_경조사비,F00000,공통_공통,-303.0
직원경비,복리후생비,55010103,복리후생비_경조사비,F00900,공통_디지털본부담당,100000.0
직원경비,복리후생비,55010103,복리후생비_경조사비,F01200,공통_e-BIZ팀,60000.0
직원경비,복리후생비,55010103,복리후생비_경조사비,F01300,공통_IT팀,180000.0
직원경비,복리후생비,55010103,복리후생비_경조사비,F02900,공통_AX팀,500000.0
직원경비,복리후생비,55010103,복리후생비_경조사비,F03000,공통_AI 엔지니어링팀,600000.0
직원경비,복리후생비,55010103,복리후생비_경조사비,F03900,공통_퍼포먼스마케팅팀,300000.0
직원경비,복리후생비,55010103,복리후생비_경조사비,F04500,공통_통합소싱팀,200000.0
직원경비,복리후생비,55010103,복리후생비_경조사비,F05100,공통_마케팅본부,220000.0
직원경비,복리후생비,55010109,복리후생비_회식대,F00300,공통_총무,123636.0
직원경비,복리후생비,55010109,복리후생비_회식대,F00400,공통_법무팀,121145.0
직원경비,복리후생비,55010109,복리후생비_회식대,F00500,공통_HR팀,589897.0
직원경비,복리후생비,55010109,복리후생비_회식대,F00700,공통_회계팀,633636.0
직원경비,복리후생비,55010109,복리후생비_회식대,F00800,공통_경영관리팀,776946.0
직원경비,복리후생비,55010109,복리후생비_회식대,F01200,공통_e-BIZ팀,509545.0
직원경비,복리후생비,55010109,복리후생비_회식대,F01300,공통_IT팀,1994767.0
직원경비,복리후생비,55010109,복리후생비_회식대,F01800,공통_소비자전략팀,162628.0
직원경비,복리후생비,55010109,복리후생비_회식대,F02300,공통_안전보건팀,640909.0
직원경비,복리후생비,55010109,복리후생비_회식대,F02400,공통_경영기획팀,97545.0
직원경비,복리후생비,55010109,복리후생비_회식대,F02500,공통_자금팀,646145.0
직원경비,복리후생비,55010109,복리후생비_회식대,F02900,공통_AX팀,750728.0
직원경비,복리후생비,55010109,복리후생비_회식대,F03000,공통_AI 엔지니어링팀,494363.0
직원경비,복리후생비,55010109,복리후생비_회식대,F03300,공통_무역팀,263908.0
직원경비,복리후생비,55010109,복리후생비_회식대,F03700,공통_통합인테리어팀,137820.0
직원경비,복리후생비,55010109,복리후생비_회식대,F03900,공통_퍼포먼스마케팅팀,691099.0
직원경비,복리후생비,55010109,복리후생비_회식대,F04500,공통_통합소싱팀,504558.0
직원경비,복리후생비,55010109,복리후생비_회식대,F04800,공통_해외사업팀,220500.0
직원경비,복리후생비,55010109,복리후생비_회식대,F05100,공통_마케팅본부,946126.0
직원경비,복리후생비,55010109,복리후생비_회식대,F05200,공통_통합온라인채널팀,593865.0
직원경비,복리후생비,55010111,복리후생비_회의비,F00100,공통_임원,116636.0
직원경비,복리후생비,55010111,복리후생비_회의비,F00200,공통_경영개선팀,145960.0
직원경비,복리후생비,55010111,복리후생비_회의비,F00300,공통_총무,1004200.0
직원경비,복리후생비,55010111,복리후생비_회의비,F00400,공통_법무팀,56400.0
직원경비,복리후생비,55010111,복리후생비_회의비,F00500,공통_HR팀,374994.0
직원경비,복리후생비,55010111,복리후생비_회의비,F00600,공통_공간기획팀,219146.0
직원경비,복리후생비,55010111,복리후생비_회의비,F00700,공통_회계팀,37358.0
직원경비,복리후생비,55010111,복리후생비_회의비,F00800,공통_경영관리팀,382363.0
직원경비,복리후생비,55010111,복리후생비_회의비,F00900,공통_디지털본부담당,615455.0
직원경비,복리후생비,55010111,복리후생비_회의비,F01200,공통_e-BIZ팀,530105.0
직원경비,복리후생비,55010111,복리후생비_회의비,F01300,공통_IT팀,2960854.0
직원경비,복리후생비,55010111,복리후생비_회의비,F01800,공통_소비자전략팀,84000.0
직원경비,복리후생비,55010111,복리후생비_회의비,F02300,공통_안전보건팀,27600.0
직원경비,복리후생비,55010111,복리후생비_회의비,F02400,공통_경영기획팀,134573.0
직원경비,복리후생비,55010111,복리후생비_회의비,F02500,공통_자금팀,221187.0
직원경비,복리후생비,55010111,복리후생비_회의비,F02600,공통_정보보안팀,34860.0
직원경비,복리후생비,55010111,복리후생비_회의비,F02900,공통_AX팀,1842995.0
직원경비,복리후생비,55010111,복리후생비_회의비,F03000,공통_AI 엔지니어링팀,356127.0
직원경비,복리후생비,55010111,복리후생비_회의비,F03300,공통_무역팀,282297.0
직원경비,복리후생비,55010111,복리후생비_회의비,F03700,공통_통합인테리어팀,32871.0
직원경비,복리후생비,55010111,복리후생비_회의비,F03900,공통_퍼포먼스마케팅팀,281778.0
직원경비,복리후생비,55010111,복리후생비_회의비,F04400,공통_통합영업팀,316392.0
직원경비,복리후생비,55010111,복리후생비_회의비,F04800,공통_해외사업팀,1329130.0
직원경비,복리후생비,55010111,복리후생비_회의비,F05100,공통_마케팅본부,1000826.0
직원경비,복리후생비,55010111,복리후생비_회의비,F05200,공통_통합온라인채널팀,267654.0
직원경비,복리후생비,55010115,복리후생비_MRO,F00000,공통_공통,4583280.0
직원경비,복리후생비,55010117,복리후생비_사내행사,F00300,공통_총무,51384050.0
직원경비,복리후생비,55010119,복리후생비_부서,F00000,공통_공통,3050000.0
직원경비,복리후생비,55010119,복리후생비_부서,F00100,공통_임원,136364.0
직원경비,복리후생비,55010119,복리후생비_부서,F00200,공통_경영개선팀,72455.0
직원경비,복리후생비,55010119,복리후생비_부서,F00300,공통_총무,167682.0
직원경비,복리후생비,55010119,복리후생비_부서,F00500,공통_HR팀,112827.0
직원경비,복리후생비,55010119,복리후생비_부서,F00600,공통_공간기획팀,409183.0
직원경비,복리후생비,55010119,복리후생비_부서,F00700,공통_회계팀,91782.0
직원경비,복리후생비,55010119,복리후생비_부서,F00800,공통_경영관리팀,999220.0
직원경비,복리후생비,55010119,복리후생비_부서,F01300,공통_IT팀,757037.0
직원경비,복리후생비,55010119,복리후생비_부서,F02300,공통_안전보건팀,4020000.0
직원경비,복리후생비,55010119,복리후생비_부서,F02400,공통_경영기획팀,622704.0
직원경비,복리후생비,55010119,복리후생비_부서,F02500,공통_자금팀,1143149.0
직원경비,복리후생비,55010119,복리후생비_부서,F02600,공통_정보보안팀,245455.0
직원경비,복리후생비,55010119,복리후생비_부서,F02700,공통_Process담당,1271634.0
직원경비,복리후생비,55010119,복리후생비_부서,F02900,공통_AX팀,149072.0
직원경비,복리후생비,55010119,복리후생비_부서,F03000,공통_AI 엔지니어링팀,98898.0
직원경비,복리후생비,55010119,복리후생비_부서,F03300,공통_무역팀,304945.0
직원경비,복리후생비,55010119,복리후생비_부서,F03400,공통_자산관리팀,288254.0
직원경비,복리후생비,55010119,복리후생비_부서,F03700,공통_통합인테리어팀,483299.0
직원경비,복리후생비,55010119,복리후생비_부서,F04400,공통_통합영업팀,2757877.0
직원경비,복리후생비,55010119,복리후생비_부서,F04500,공통_통합소싱팀,764157.0
직원경비,복리후생비,55010119,복리후생비_부서,F05100,공통_마케팅본부,1962205.0
직원경비,복리후생비,55010121,복리후생비_기타,F00300,공통_총무,76500.0
직원경비,복리후생비,55010125,복리후생비_총무지원,F00000,공통_공통,860200.0
직원경비,복리후생비,55010125,복리후생비_총무지원,F00200,공통_경영개선팀,200000.0
직원경비,복리후생비,55010125,복리후생비_총무지원,F00300,공통_총무,4913181.0
직원경비,복리후생비,55010125,복리후생비_총무지원,F00400,공통_법무팀,3132200.0
직원경비,복리후생비,55010125,복리후생비_총무지원,F00500,공통_HR팀,1454545.0
직원경비,복리후생비,55010125,복리후생비_총무지원,F00600,공통_공간기획팀,182275.0
직원경비,복리후생비,55010125,복리후생비_총무지원,F00700,공통_회계팀,348000.0
직원경비,복리후생비,55010125,복리후생비_총무지원,F00800,공통_경영관리팀,726000.0
직원경비,복리후생비,55010125,복리후생비_총무지원,F01300,공통_IT팀,415430.0
직원경비,복리후생비,55010125,복리후생비_총무지원,F02400,공통_경영기획팀,176000.0
직원경비,복리후생비,55010125,복리후생비_총무지원,F02500,공통_자금팀,400000.0
직원경비,복리후생비,55010125,복리후생비_총무지원,F02900,공통_AX팀,1196273.0
직원경비,복리후생비,55010125,복리후생비_총무지원,F03000,공통_AI 엔지니어링팀,515000.0
직원경비,복리후생비,55010125,복리후생비_총무지원,F03300,공통_무역팀,2413400.0
직원경비,복리후생비,55010125,복리후생비_총무지원,F03900,공통_퍼포먼스마케팅팀,204956.0
직원경비,복리후생비,55010125,복리후생비_총무지원,F04400,공통_통합영업팀,200000.0
직원경비,복리후생비,55010125,복리후생비_총무지원,F04800,공통_해외사업팀,970000.0
직원경비,복리후생비,55010125,복리후생비_총무지원,F05100,공통_마케팅본부,1394402.0
직원경비,복리후생비,55010125,복리후생비_총무지원,F05200,공통_통합온라인채널팀,700000.0
직원경비,복리후생비,55010137,복리후생비_위탁보육료,F00400,공통_법무팀,457000.0
직원경비,복리후생비,55010137,복리후생비_위탁보육료,F01200,공통_e-BIZ팀,837500.0
직원경비,복리후생비,55010137,복리후생비_위탁보육료,F01300,공통_IT팀,847000.0
직원경비,복리후생비,55010137,복리후생비_위탁보육료,F01800,공통_소비자전략팀,250000.0
직원경비,복리후생비,55010137,복리후생비_위탁보육료,F02900,공통_AX팀,140000.0
직원경비,복리후생비,55010137,복리후생비_위탁보육료,F03300,공통_무역팀,500000.0
직원경비,복리후생비,55010137,복리후생비_위탁보육료,F04800,공통_해외사업팀,250000.0
직원경비,복리후생비,55010137,복리후생비_위탁보육료,F05100,공통_마케팅본부,563500.0
직원경비,복리후생비,55010141,복리후생비_근속지원,F00300,공통_총무,-380000.0
직원경비,복리후생비,55010141,복리후생비_근속지원,F00800,공통_경영관리팀,0.0
직원경비,복리후생비,55010141,복리후생비_근속지원,F01200,공통_e-BIZ팀,-5000000.0
직원경비,복리후생비,55010141,복리후생비_근속지원,F03000,공통_AI 엔지니어링팀,0.0
직원경비,복리후생비,55010141,복리후생비_근속지원,F03400,공통_자산관리팀,5000000.0
직원경비,복리후생비,55010141,복리후생비_근속지원,F05100,공통_마케팅본부,0.0
직원경비,복리후생비(안전보건),55010131,복리후생비_기타지원,F02300,공통_안전보건팀,19950.0
직원경비,복리후생비(안전보건),55210193,지급수수료_안전보건교육,F02300,공통_안전보건팀,-21500.0
직원경비,복리후생비(안전보건),55210195,지급수수료_안전보건진단,F02300,공통_안전보건팀,1500000.0
직원경비,여비교통비,55030101,여비교통비_국내출장비,F00300,공통_총무,111273.0
직원경비,여비교통비,55030101,여비교통비_국내출장비,F03400,공통_자산관리팀,180000.0
직원경비,여비교통비,55030101,여비교통비_국내출장비,F03700,공통_통합인테리어팀,270338.0
직원경비,여비교통비,55030101,여비교통비_국내출장비,F04400,공통_통합영업팀,682445.0
직원경비,여비교통비,55030101,여비교통비_국내출장비,F04500,공통_통합소싱팀,34500.0
직원경비,여비교통비,55030101,여비교통비_국내출장비,F05100,공통_마케팅본부,231600.0
직원경비,여비교통비,55030103,여비교통비_해외출장비,F00100,공통_임원,38552432.0
직원경비,여비교통비,55030103,여비교통비_해외출장비,F00800,공통_경영관리팀,965162.0
직원경비,여비교통비,55030103,여비교통비_해외출장비,F02700,공통_Process담당,603850.0
직원경비,여비교통비,55030103,여비교통비_해외출장비,F02900,공통_AX팀,1205600.0
직원경비,여비교통비,55030103,여비교통비_해외출장비,F03200,공통_PI팀,0.0
직원경비,여비교통비,55030103,여비교통비_해외출장비,F04500,공통_통합소싱팀,3201009.0
직원경비,여비교통비,55030103,여비교통비_해외출장비,F04800,공통_해외사업팀,9458346.0
직원경비,여비교통비,55030103,여비교통비_해외출장비,F05100,공통_마케팅본부,2035944.0
직원경비,여비교통비,55030105,여비교통비_시내교통비,F00000,공통_공통,264000.0
직원경비,여비교통비,55030105,여비교통비_시내교통비,F00100,공통_임원,1200.0
직원경비,여비교통비,55030105,여비교통비_시내교통비,F00300,공통_총무,1320240.0
직원경비,여비교통비,55030105,여비교통비_시내교통비,F00400,공통_법무팀,12900.0
직원경비,여비교통비,55030105,여비교통비_시내교통비,F00500,공통_HR팀,52300.0
직원경비,여비교통비,55030105,여비교통비_시내교통비,F00600,공통_공간기획팀,171136.0
직원경비,여비교통비,55030105,여비교통비_시내교통비,F00700,공통_회계팀,106500.0
직원경비,여비교통비,55030105,여비교통비_시내교통비,F00800,공통_경영관리팀,699800.0
직원경비,여비교통비,55030105,여비교통비_시내교통비,F00900,공통_디지털본부담당,57400.0
직원경비,여비교통비,55030105,여비교통비_시내교통비,F01200,공통_e-BIZ팀,193200.0
직원경비,여비교통비,55030105,여비교통비_시내교통비,F01300,공통_IT팀,1487790.0
직원경비,여비교통비,55030105,여비교통비_시내교통비,F01800,공통_소비자전략팀,12500.0
직원경비,여비교통비,55030105,여비교통비_시내교통비,F02300,공통_안전보건팀,41200.0
직원경비,여비교통비,55030105,여비교통비_시내교통비,F02400,공통_경영기획팀,254800.0
직원경비,여비교통비,55030105,여비교통비_시내교통비,F02600,공통_정보보안팀,20000.0
직원경비,여비교통비,55030105,여비교통비_시내교통비,F02700,공통_Process담당,910300.0
직원경비,여비교통비,55030105,여비교통비_시내교통비,F02900,공통_AX팀,1198660.0
직원경비,여비교통비,55030105,여비교통비_시내교통비,F03000,공통_AI 엔지니어링팀,479300.0
직원경비,여비교통비,55030105,여비교통비_시내교통비,F03400,공통_자산관리팀,30200.0
직원경비,여비교통비,55030105,여비교통비_시내교통비,F03700,공통_통합인테리어팀,71200.0
직원경비,여비교통비,55030105,여비교통비_시내교통비,F03900,공통_퍼포먼스마케팅팀,46800.0
직원경비,여비교통비,55030105,여비교통비_시내교통비,F04400,공통_통합영업팀,360100.0
직원경비,여비교통비,55030105,여비교통비_시내교통비,F04500,공통_통합소싱팀,68300.0
직원경비,여비교통비,55030105,여비교통비_시내교통비,F04800,공통_해외사업팀,948500.0
직원경비,여비교통비,55030105,여비교통비_시내교통비,F05100,공통_마케팅본부,3741990.0
직원경비,여비교통비,55030105,여비교통비_시내교통비,F05200,공통_통합온라인채널팀,596500.0
직원경비,차량유지비,55050101,차량유지비_차량보조,F00200,공통_경영개선팀,360000.0
직원경비,차량유지비,55050101,차량유지비_차량보조,F00300,공통_총무,1697153.0
직원경비,차량유지비,55050101,차량유지비_차량보조,F00400,공통_법무팀,600000.0
직원경비,차량유지비,55050101,차량유지비_차량보조,F00500,공통_HR팀,718000.0
직원경비,차량유지비,55050101,차량유지비_차량보조,F00600,공통_공간기획팀,360000.0
직원경비,차량유지비,55050101,차량유지비_차량보조,F00700,공통_회계팀,720000.0
직원경비,차량유지비,55050101,차량유지비_차량보조,F00800,공통_경영관리팀,1014000.0
직원경비,차량유지비,55050101,차량유지비_차량보조,F01200,공통_e-BIZ팀,840000.0
직원경비,차량유지비,55050101,차량유지비_차량보조,F01300,공통_IT팀,2469000.0
직원경비,차량유지비,55050101,차량유지비_차량보조,F01800,공통_소비자전략팀,120000.0
직원경비,차량유지비,55050101,차량유지비_차량보조,F02400,공통_경영기획팀,765000.0
직원경비,차량유지비,55050101,차량유지비_차량보조,F02500,공통_자금팀,480000.0
직원경비,차량유지비,55050101,차량유지비_차량보조,F02600,공통_정보보안팀,360000.0
직원경비,차량유지비,55050101,차량유지비_차량보조,F02900,공통_AX팀,480000.0
직원경비,차량유지비,55050101,차량유지비_차량보조,F03300,공통_무역팀,600000.0
직원경비,차량유지비,55050101,차량유지비_차량보조,F03400,공통_자산관리팀,499000.0
직원경비,차량유지비,55050101,차량유지비_차량보조,F03700,공통_통합인테리어팀,240000.0
직원경비,차량유지비,55050101,차량유지비_차량보조,F03900,공통_퍼포먼스마케팅팀,480000.0
직원경비,차량유지비,55050101,차량유지비_차량보조,F04400,공통_통합영업팀,600000.0
직원경비,차량유지비,55050101,차량유지비_차량보조,F04500,공통_통합소싱팀,750000.0
직원경비,차량유지비,55050101,차량유지비_차량보조,F04800,공통_해외사업팀,600000.0
직원경비,차량유지비,55050101,차량유지비_차량보조,F05100,공통_마케팅본부,1431000.0
직원경비,차량유지비,55050101,차량유지비_차량보조,F05200,공통_통합온라인채널팀,240000.0
직원경비,차량유지비,55050103,차량유지비_차량유지,F00000,공통_공통,3432000.0
직원경비,차량유지비,55050103,차량유지비_차량유지,F00300,공통_총무,1016000.0
직원경비,차량유지비,55050105,차량유지비_주차비,F00300,공통_총무,107200.0
직원경비,차량유지비,55050105,차량유지비_주차비,F04400,공통_통합영업팀,12000.0
직원경비,차량유지비,55050105,차량유지비_주차비,F05100,공통_마케팅본부,7000.0
직원경비,통신비,55070105,통신비_휴대폰지원,F00200,공통_경영개선팀,120000.0
직원경비,통신비,55070105,통신비_휴대폰지원,F00300,공통_총무,561970.0
직원경비,통신비,55070105,통신비_휴대폰지원,F00400,공통_법무팀,240000.0
직원경비,통신비,55070105,통신비_휴대폰지원,F00500,공통_HR팀,527310.0
직원경비,통신비,55070105,통신비_휴대폰지원,F00600,공통_공간기획팀,240000.0
직원경비,통신비,55070105,통신비_휴대폰지원,F00700,공통_회계팀,360000.0
직원경비,통신비,55070105,통신비_휴대폰지원,F00800,공통_경영관리팀,469600.0
직원경비,통신비,55070105,통신비_휴대폰지원,F01200,공통_e-BIZ팀,400000.0
직원경비,통신비,55070105,통신비_휴대폰지원,F01300,공통_IT팀,1898840.0
직원경비,통신비,55070105,통신비_휴대폰지원,F01800,공통_소비자전략팀,120000.0
직원경비,통신비,55070105,통신비_휴대폰지원,F02300,공통_안전보건팀,40000.0
직원경비,통신비,55070105,통신비_휴대폰지원,F02400,공통_경영기획팀,193930.0
직원경비,통신비,55070105,통신비_휴대폰지원,F02500,공통_자금팀,280000.0
직원경비,통신비,55070105,통신비_휴대폰지원,F02600,공통_정보보안팀,240060.0
직원경비,통신비,55070105,통신비_휴대폰지원,F02700,공통_Process담당,314910.0
직원경비,통신비,55070105,통신비_휴대폰지원,F02900,공통_AX팀,600000.0
직원경비,통신비,55070105,통신비_휴대폰지원,F03000,공통_AI 엔지니어링팀,360000.0
직원경비,통신비,55070105,통신비_휴대폰지원,F03300,공통_무역팀,280000.0
직원경비,통신비,55070105,통신비_휴대폰지원,F03400,공통_자산관리팀,181120.0
직원경비,통신비,55070105,통신비_휴대폰지원,F03700,공통_통합인테리어팀,160000.0
직원경비,통신비,55070105,통신비_휴대폰지원,F03900,공통_퍼포먼스마케팅팀,400000.0
직원경비,통신비,55070105,통신비_휴대폰지원,F04400,공통_통합영업팀,200000.0
직원경비,통신비,55070105,통신비_휴대폰지원,F04500,공통_통합소싱팀,320000.0
직원경비,통신비,55070105,통신비_휴대폰지원,F04800,공통_해외사업팀,360000.0
직원경비,통신비,55070105,통신비_휴대폰지원,F05100,공통_마케팅본부,1160000.0
직원경비,통신비,55070105,통신비_휴대폰지원,F05200,공통_통합온라인채널팀,240000.0
